PRODUCT NAME,DESCRIPTION,PRICE,IMAGE URL
MIHOLL,,,
liher,,,
iGENJUN,,,
MRLZ,,,
Asvivid,,,
ZYX,,,
RivollDirect,,,
Wosalba,,,
Nasperee,,,
ZKESS,,,
Asvivid,,,
AlvaQ,,,
Herou,,,
deqiang,,,
Retta,,,
Momâ€™s care,,,
TSHIRTAMAZING,,,
liher,,,
YourTops,,,
Game-Hrone,,,
UONQD,,,
Reality Stone,,,
DAIMIDY CASHMERE,,,
NE PEOPLE,,,
Geicyjiecy,,,
Beopjesk,,,
The Goozler,,,
BuildASign,,,
The Creating Studio,,,
Custom Apparel R Us,,,
Memento,,,
Tshirts4Legends,,,
The Creating Studio,,,
Arts & Designs,,,
Arts & Designs,,,
Rvxigzvi,,,
AEKCU,,,
Devon & Jones,,,
I Have Two Titles Dad & Papa Funny Shirt Gift,,,
Qrupoad,,,
AEURPLT,,,
Out of Print,,,
Chadwicks,,,
The Goozler,,,
Pops Man Myth Legend Fathers Day Gift,,,
Memento,,,
Enmeng,,,
